filename,label,exists,duration_seconds,sample_rate,channels,frames,format,subtype,read_error
audio_192.wav,3.0,True,60.508375,16000,1,968134,WAV,PCM_16,
audio_436.wav,3.0,True,60.0746875,16000,1,961195,WAV,PCM_16,
audio_447.wav,3.5,True,60.0746875,16000,1,961195,WAV,PCM_16,
audio_126.wav,2.0,True,45.06,16000,1,720960,WAV,PCM_16,
audio_61.wav,2.0,True,45.3,16000,1,724800,WAV,PCM_16,
audio_639.wav,2.5,True,60.0746875,16000,1,961195,WAV,PCM_16,
audio_703.wav,2.0,True,52.16,16000,1,834560,WAV,PCM_16,
audio_509.wav,3.0,True,60.0746875,16000,1,961195,WAV,PCM_16,
audio_672.wav,4.0,True,60.0746875,16000,1,961195,WAV,PCM_16,
audio_344.wav,4.0,True,60.0746875,16000,1,961195,WAV,PCM_16,
audio_592.wav,5.0,True,60.0746875,16000,1,961195,WAV,PCM_16,
audio_705.wav,3.0,True,60.0746875,16000,1,961195,WAV,PCM_16,
audio_497.wav,2.0,True,60.0746875,16000,1,961195,WAV,PCM_16,
audio_702.wav,3.0,True,60.0746875,16000,1,961195,WAV,PCM_16,
audio_598.wav,2.0,True,60.0746875,16000,1,961195,WAV,PCM_16,
audio_99.wav,3.5,True,45.06,16000,1,720960,WAV,PCM_16,
audio_194.wav,4.0,True,26.53875,16000,1,424620,WAV,PCM_16,
audio_5055.wav,0.0,True,60.08,16000,1,961280,WAV,PCM_16,
audio_178.wav,3.0,True,60.0746875,16000,1,961195,WAV,PCM_16,
audio_609.wav,5.0,True,45.9733125,16000,1,735573,WAV,PCM_16,
audio_77.wav,4.0,True,39.96,16000,1,639360,WAV,PCM_16,
audio_18.wav,4.0,True,45.012,16000,1,720192,WAV,PCM_16,
audio_9.wav,4.0,True,45.06,16000,1,720960,WAV,PCM_16,
audio_138.wav,2.0,True,42.96,16000,1,687360,WAV,PCM_16,
audio_269.wav,4.0,True,60.08,16000,1,961280,WAV,PCM_16,
audio_717.wav,4.5,True,60.0746875,16000,1,961195,WAV,PCM_16,
audio_529.wav,3.0,True,60.0746875,16000,1,961195,WAV,PCM_16,
audio_578.wav,4.0,True,60.0746875,16000,1,961195,WAV,PCM_16,
audio_171.wav,2.0,True,60.08,16000,1,961280,WAV,PCM_16,
audio_596.wav,3.0,True,60.0746875,16000,1,961195,WAV,PCM_16,
audio_5066.wav,0.0,True,60.0746875,16000,1,961195,WAV,PCM_16,
audio_501.wav,3.0,True,60.0746875,16000,1,961195,WAV,PCM_16,
audio_8.wav,2.0,True,45.06,16000,1,720960,WAV,PCM_16,
audio_84.wav,2.5,True,45.06,16000,1,720960,WAV,PCM_16,
audio_11.wav,3.0,True,42.66,16000,1,682560,WAV,PCM_16,
audio_142.wav,2.5,True,60.08,16000,1,961280,WAV,PCM_16,
audio_610.wav,5.0,True,46.08,16000,1,737280,WAV,PCM_16,
audio_654.wav,3.0,True,60.0746875,16000,1,961195,WAV,PCM_16,
audio_170.wav,2.5,True,60.08,16000,1,961280,WAV,PCM_16,
audio_255.wav,4.5,True,60.08,16000,1,961280,WAV,PCM_16,
audio_162.wav,3.0,True,60.08,16000,1,961280,WAV,PCM_16,
audio_5069.wav,0.0,True,60.0746875,16000,1,961195,WAV,PCM_16,
audio_769.wav,3.0,True,60.0746875,16000,1,961195,WAV,PCM_16,
audio_720.wav,3.0,True,60.0106875,16000,1,960171,WAV,PCM_16,
audio_623.wav,3.0,True,60.0746875,16000,1,961195,WAV,PCM_16,
audio_718.wav,4.5,True,60.0746875,16000,1,961195,WAV,PCM_16,
audio_136.wav,3.5,True,45.06,16000,1,720960,WAV,PCM_16,
audio_119.wav,2.0,True,45.06,16000,1,720960,WAV,PCM_16,
audio_542.wav,3.0,True,60.0746875,16000,1,961195,WAV,PCM_16,
audio_5073.wav,0.0,True,60.0746875,16000,1,961195,WAV,PCM_16,
audio_322.wav,4.0,True,60.0746875,16000,1,961195,WAV,PCM_16,
audio_5039.wav,0.0,True,60.0746875,16000,1,961195,WAV,PCM_16,
audio_707.wav,3.0,True,60.0746875,16000,1,961195,WAV,PCM_16,
audio_148.wav,3.5,True,60.08,16000,1,961280,WAV,PCM_16,
audio_316.wav,2.0,True,60.0746875,16000,1,961195,WAV,PCM_16,
audio_647.wav,4.5,True,60.0746875,16000,1,961195,WAV,PCM_16,
audio_286.wav,5.0,True,60.0746875,16000,1,961195,WAV,PCM_16,
audio_92.wav,4.0,True,41.4,16000,1,662400,WAV,PCM_16,
audio_462.wav,3.5,True,60.0746875,16000,1,961195,WAV,PCM_16,
audio_376.wav,5.0,True,45.8453125,16000,1,733525,WAV,PCM_16,
audio_76.wav,4.0,True,45.06,16000,1,720960,WAV,PCM_16,
audio_105.wav,2.0,True,45.06,16000,1,720960,WAV,PCM_16,
audio_355.wav,3.0,True,60.2026875,16000,1,963243,WAV,PCM_16,
audio_663.wav,3.0,True,60.0746875,16000,1,961195,WAV,PCM_16,
audio_767.wav,4.5,True,60.0746875,16000,1,961195,WAV,PCM_16,
audio_655.wav,5.0,True,60.0746875,16000,1,961195,WAV,PCM_16,
audio_372.wav,5.0,True,60.0106875,16000,1,960171,WAV,PCM_16,
audio_667.wav,5.0,True,60.0746875,16000,1,961195,WAV,PCM_16,
audio_517.wav,2.5,True,60.0746875,16000,1,961195,WAV,PCM_16,
audio_765.wav,5.0,True,60.167,16000,1,962672,WAV,PCM_16,
audio_38.wav,4.0,True,45.06,16000,1,720960,WAV,PCM_16,
audio_371.wav,5.0,True,60.0746875,16000,1,961195,WAV,PCM_16,
audio_507.wav,3.0,True,60.0746875,16000,1,961195,WAV,PCM_16,
audio_5056.wav,0.0,True,60.08,16000,1,961280,WAV,PCM_16,
audio_282.wav,5.0,True,60.0746875,16000,1,961195,WAV,PCM_16,
audio_459.wav,3.0,True,60.0746875,16000,1,961195,WAV,PCM_16,
audio_303.wav,5.0,True,60.0746875,16000,1,961195,WAV,PCM_16,
audio_297.wav,4.5,True,43.7546875,16000,1,700075,WAV,PCM_16,
audio_432.wav,3.5,True,60.0746875,16000,1,961195,WAV,PCM_16,
audio_454.wav,3.5,True,60.0746875,16000,1,961195,WAV,PCM_16,
audio_482.wav,2.0,True,60.0746875,16000,1,961195,WAV,PCM_16,
audio_484.wav,2.0,True,54.2506875,16000,1,868011,WAV,PCM_16,
audio_757.wav,4.0,True,60.0746875,16000,1,961195,WAV,PCM_16,
audio_773.wav,3.0,True,60.0746875,16000,1,961195,WAV,PCM_16,
audio_668.wav,5.0,True,60.0746875,16000,1,961195,WAV,PCM_16,
audio_240.wav,5.0,True,60.08,16000,1,961280,WAV,PCM_16,
audio_163.wav,2.0,True,60.0746875,16000,1,961195,WAV,PCM_16,
audio_659.wav,5.0,True,60.0746875,16000,1,961195,WAV,PCM_16,
audio_532.wav,3.5,True,60.0746875,16000,1,961195,WAV,PCM_16,
audio_464.wav,2.0,True,60.0746875,16000,1,961195,WAV,PCM_16,
audio_5.wav,2.5,True,45.06,16000,1,720960,WAV,PCM_16,
audio_231.wav,3.5,True,60.02,16000,1,960320,WAV,PCM_16,
audio_384.wav,5.0,True,60.0106875,16000,1,960171,WAV,PCM_16,
audio_54.wav,4.0,True,36.42,16000,1,582720,WAV,PCM_16,
audio_656.wav,5.0,True,60.0746875,16000,1,961195,WAV,PCM_16,
audio_444.wav,3.0,True,60.0746875,16000,1,961195,WAV,PCM_16,
audio_5062.wav,0.0,True,61.0346875,16000,1,976555,WAV,PCM_16,
audio_312.wav,4.5,True,60.0746875,16000,1,961195,WAV,PCM_16,
audio_120.wav,2.5,True,45.0,16000,1,720000,WAV,PCM_16,
audio_446.wav,3.0,True,50.7093125,16000,1,811349,WAV,PCM_16,
audio_546.wav,2.5,True,60.0746875,16000,1,961195,WAV,PCM_16,
audio_430.wav,4.0,True,60.0746875,16000,1,961195,WAV,PCM_16,
audio_179.wav,2.0,True,60.0746875,16000,1,961195,WAV,PCM_16,
audio_674.wav,4.0,True,60.0746875,16000,1,961195,WAV,PCM_16,
audio_737.wav,3.5,True,60.0746875,16000,1,961195,WAV,PCM_16,
audio_669.wav,3.0,True,60.0746875,16000,1,961195,WAV,PCM_16,
audio_540.wav,4.0,True,60.0746875,16000,1,961195,WAV,PCM_16,
audio_692.wav,4.0,True,44.7786875,16000,1,716459,WAV,PCM_16,
audio_572.wav,2.0,True,54.848,16000,1,877568,WAV,PCM_16,
audio_479.wav,2.0,True,60.615,16000,1,969840,WAV,PCM_16,
audio_419.wav,3.0,True,60.7003125,16000,1,971205,WAV,PCM_16,
audio_5037.wav,0.0,True,45.06,16000,1,720960,WAV,PCM_16,
audio_433.wav,3.0,True,60.0746875,16000,1,961195,WAV,PCM_16,
audio_405.wav,5.0,True,60.0746875,16000,1,961195,WAV,PCM_16,
audio_267.wav,4.0,True,60.08,16000,1,961280,WAV,PCM_16,
audio_358.wav,5.0,True,60.0746875,16000,1,961195,WAV,PCM_16,
audio_331.wav,5.0,True,60.0106875,16000,1,960171,WAV,PCM_16,
audio_487.wav,2.5,True,60.0746875,16000,1,961195,WAV,PCM_16,
audio_494.wav,3.0,True,60.0746875,16000,1,961195,WAV,PCM_16,
audio_536.wav,2.5,True,54.1866875,16000,1,866987,WAV,PCM_16,
audio_634.wav,4.0,True,60.0746875,16000,1,961195,WAV,PCM_16,
audio_317.wav,3.5,True,60.0746875,16000,1,961195,WAV,PCM_16,
audio_5054.wav,0.0,True,58.6666875,16000,1,938667,WAV,PCM_16,
audio_723.wav,5.0,True,60.0746875,16000,1,961195,WAV,PCM_16,
audio_155.wav,3.5,True,60.08,16000,1,961280,WAV,PCM_16,
audio_410.wav,2.0,True,46.208,16000,1,739328,WAV,PCM_16,
audio_251.wav,2.0,True,20.06,16000,1,320960,WAV,PCM_16,
audio_779.wav,5.0,True,60.0746875,16000,1,961195,WAV,PCM_16,
audio_382.wav,4.0,True,60.0746875,16000,1,961195,WAV,PCM_16,
audio_559.wav,3.0,True,60.0746875,16000,1,961195,WAV,PCM_16,
audio_161.wav,3.0,True,60.08,16000,1,961280,WAV,PCM_16,
audio_535.wav,2.5,True,60.0746875,16000,1,961195,WAV,PCM_16,
audio_363.wav,5.0,True,44.1173125,16000,1,705877,WAV,PCM_16,
audio_5057.wav,0.0,True,60.0746875,16000,1,961195,WAV,PCM_16,
audio_660.wav,4.5,True,60.0746875,16000,1,961195,WAV,PCM_16,
audio_293.wav,5.0,True,60.0746875,16000,1,961195,WAV,PCM_16,
audio_74.wav,4.0,True,45.06,16000,1,720960,WAV,PCM_16,
audio_215.wav,4.0,True,60.07475,16000,1,961196,WAV,PCM_16,
audio_228.wav,3.0,True,60.231,16000,1,963696,WAV,PCM_16,
audio_602.wav,2.0,True,60.0106875,16000,1,960171,WAV,PCM_16,
audio_396.wav,2.0,True,60.0746875,16000,1,961195,WAV,PCM_16,
audio_576.wav,2.0,True,60.0746875,16000,1,961195,WAV,PCM_16,
audio_5040.wav,0.0,True,60.0746875,16000,1,961195,WAV,PCM_16,
audio_198.wav,4.0,True,60.01075,16000,1,960172,WAV,PCM_16,
audio_600.wav,2.0,True,60.0746875,16000,1,961195,WAV,PCM_16,
audio_710.wav,4.0,True,60.0746875,16000,1,961195,WAV,PCM_16,
audio_246.wav,3.0,True,60.08,16000,1,961280,WAV,PCM_16,
audio_490.wav,2.5,True,60.0746875,16000,1,961195,WAV,PCM_16,
audio_657.wav,5.0,True,60.0746875,16000,1,961195,WAV,PCM_16,
audio_688.wav,5.0,True,61.0346875,16000,1,976555,WAV,PCM_16,
audio_698.wav,5.0,True,60.0746875,16000,1,961195,WAV,PCM_16,
audio_499.wav,2.5,True,60.0746875,16000,1,961195,WAV,PCM_16,
audio_463.wav,4.0,True,60.0746875,16000,1,961195,WAV,PCM_16,
audio_604.wav,4.5,True,60.0746875,16000,1,961195,WAV,PCM_16,
audio_97.wav,4.0,True,45.06,16000,1,720960,WAV,PCM_16,
audio_234.wav,3.0,True,60.08,16000,1,961280,WAV,PCM_16,
audio_782.wav,5.0,True,60.7003125,16000,1,971205,WAV,PCM_16,
audio_758.wav,4.0,True,55.6373125,16000,1,890197,WAV,PCM_16,
audio_727.wav,4.5,True,60.0746875,16000,1,961195,WAV,PCM_16,
audio_643.wav,4.0,True,60.0746875,16000,1,961195,WAV,PCM_16,
audio_261.wav,3.0,True,60.02,16000,1,960320,WAV,PCM_16,
audio_205.wav,4.0,True,60.07475,16000,1,961196,WAV,PCM_16,
audio_128.wav,2.0,True,45.06,16000,1,720960,WAV,PCM_16,
audio_650.wav,5.0,True,61.0346875,16000,1,976555,WAV,PCM_16,
audio_35.wav,2.0,True,45.06,16000,1,720960,WAV,PCM_16,
audio_141.wav,3.0,True,60.08,16000,1,961280,WAV,PCM_16,
audio_260.wav,3.5,True,60.08,16000,1,961280,WAV,PCM_16,
audio_722.wav,5.0,True,60.0106875,16000,1,960171,WAV,PCM_16,
audio_5047.wav,0.0,True,58.624,16000,1,937984,WAV,PCM_16,
audio_324.wav,5.0,True,60.0746875,16000,1,961195,WAV,PCM_16,
audio_279.wav,5.0,True,60.0746875,16000,1,961195,WAV,PCM_16,
audio_450.wav,3.0,True,49.6213125,16000,1,793941,WAV,PCM_16,
audio_32.wav,2.5,True,43.14,16000,1,690240,WAV,PCM_16,
audio_254.wav,3.5,True,60.08,16000,1,961280,WAV,PCM_16,
audio_544.wav,2.0,True,60.0746875,16000,1,961195,WAV,PCM_16,
audio_176.wav,4.5,True,60.02,16000,1,960320,WAV,PCM_16,
audio_301.wav,4.5,True,60.0746875,16000,1,961195,WAV,PCM_16,
audio_213.wav,5.0,True,60.07475,16000,1,961196,WAV,PCM_16,
audio_295.wav,5.0,True,60.0746875,16000,1,961195,WAV,PCM_16,
audio_40.wav,3.0,True,45.06,16000,1,720960,WAV,PCM_16,
audio_496.wav,2.5,True,60.0746875,16000,1,961195,WAV,PCM_16,
audio_45.wav,2.5,True,38.88,16000,1,622080,WAV,PCM_16,
audio_146.wav,3.0,True,60.08,16000,1,961280,WAV,PCM_16,
audio_415.wav,2.5,True,43.9893125,16000,1,703829,WAV,PCM_16,
audio_595.wav,3.0,True,60.0746875,16000,1,961195,WAV,PCM_16,
audio_783.wav,4.0,True,60.0106875,16000,1,960171,WAV,PCM_16,
audio_673.wav,5.0,True,60.0746875,16000,1,961195,WAV,PCM_16,
audio_48.wav,2.5,True,45.06,16000,1,720960,WAV,PCM_16,
audio_777.wav,4.5,True,60.0746875,16000,1,961195,WAV,PCM_16,
audio_330.wav,3.0,True,60.1813125,16000,1,962901,WAV,PCM_16,
audio_200.wav,3.0,True,60.07475,16000,1,961196,WAV,PCM_16,
audio_259.wav,4.0,True,60.08,16000,1,961280,WAV,PCM_16,
audio_721.wav,3.0,True,60.0746875,16000,1,961195,WAV,PCM_16,
audio_223.wav,5.0,True,57.96275,16000,1,927404,WAV,PCM_16,
audio_175.wav,4.0,True,60.08,16000,1,961280,WAV,PCM_16,
audio_400.wav,4.0,True,34.3253125,16000,1,549205,WAV,PCM_16,
audio_506.wav,2.0,True,60.0746875,16000,1,961195,WAV,PCM_16,
audio_153.wav,3.0,True,60.0746875,16000,1,961195,WAV,PCM_16,
audio_5050.wav,0.0,True,60.0746875,16000,1,961195,WAV,PCM_16,
audio_281.wav,4.5,True,60.0746875,16000,1,961195,WAV,PCM_16,
audio_543.wav,3.0,True,60.0746875,16000,1,961195,WAV,PCM_16,
audio_445.wav,3.0,True,60.0746875,16000,1,961195,WAV,PCM_16,
audio_124.wav,2.0,True,45.0,16000,1,720000,WAV,PCM_16,
audio_249.wav,2.0,True,20.84,16000,1,333440,WAV,PCM_16,
audio_420.wav,2.0,True,60.0746875,16000,1,961195,WAV,PCM_16,
audio_203.wav,5.0,True,60.07475,16000,1,961196,WAV,PCM_16,
audio_278.wav,5.0,True,40.8746875,16000,1,653995,WAV,PCM_16,
audio_516.wav,2.5,True,60.0746875,16000,1,961195,WAV,PCM_16,
audio_326.wav,4.0,True,25.344,16000,1,405504,WAV,PCM_16,
audio_603.wav,4.5,True,60.0746875,16000,1,961195,WAV,PCM_16,
audio_199.wav,4.0,True,60.07475,16000,1,961196,WAV,PCM_16,
audio_406.wav,2.5,True,55.6373125,16000,1,890197,WAV,PCM_16,
audio_538.wav,4.0,True,60.0746875,16000,1,961195,WAV,PCM_16,
audio_631.wav,5.0,True,54.3786875,16000,1,870059,WAV,PCM_16,
audio_5061.wav,0.0,True,60.0746875,16000,1,961195,WAV,PCM_16,
audio_196.wav,4.0,True,26.47475,16000,1,423596,WAV,PCM_16,
audio_756.wav,4.0,True,60.0746875,16000,1,961195,WAV,PCM_16,
audio_649.wav,5.0,True,61.0346875,16000,1,976555,WAV,PCM_16,
audio_27.wav,2.0,True,45.0,16000,1,720000,WAV,PCM_16,
audio_681.wav,5.0,True,60.0746875,16000,1,961195,WAV,PCM_16,
audio_556.wav,2.5,True,60.0746875,16000,1,961195,WAV,PCM_16,
audio_185.wav,3.0,True,60.07475,16000,1,961196,WAV,PCM_16,
audio_369.wav,5.0,True,60.0106875,16000,1,960171,WAV,PCM_16,
audio_241.wav,4.0,True,60.08,16000,1,961280,WAV,PCM_16,
audio_98.wav,2.5,True,45.06,16000,1,720960,WAV,PCM_16,
audio_389.wav,5.0,True,60.0746875,16000,1,961195,WAV,PCM_16,
audio_357.wav,5.0,True,60.0746875,16000,1,961195,WAV,PCM_16,
audio_112.wav,3.0,True,45.06,16000,1,720960,WAV,PCM_16,
audio_675.wav,4.0,True,60.0746875,16000,1,961195,WAV,PCM_16,
audio_113.wav,4.0,True,45.06,16000,1,720960,WAV,PCM_16,
audio_483.wav,2.0,True,60.0746875,16000,1,961195,WAV,PCM_16,
audio_474.wav,2.0,True,60.0746875,16000,1,961195,WAV,PCM_16,
audio_725.wav,4.5,True,58.9226875,16000,1,942763,WAV,PCM_16,
audio_774.wav,3.0,True,60.0746875,16000,1,961195,WAV,PCM_16,
audio_588.wav,2.5,True,60.0746875,16000,1,961195,WAV,PCM_16,
audio_395.wav,3.0,True,60.0746875,16000,1,961195,WAV,PCM_16,
audio_210.wav,5.0,True,60.07475,16000,1,961196,WAV,PCM_16,
audio_309.wav,3.0,True,61.0346875,16000,1,976555,WAV,PCM_16,
audio_457.wav,3.0,True,60.0746875,16000,1,961195,WAV,PCM_16,
audio_492.wav,2.5,True,60.0746875,16000,1,961195,WAV,PCM_16,
audio_738.wav,5.0,True,61.0346875,16000,1,976555,WAV,PCM_16,
audio_305.wav,5.0,True,60.0746875,16000,1,961195,WAV,PCM_16,
audio_123.wav,3.5,True,45.06,16000,1,720960,WAV,PCM_16,
audio_5053.wav,0.0,True,60.08,16000,1,961280,WAV,PCM_16,
audio_89.wav,2.5,True,42.54,16000,1,680640,WAV,PCM_16,
audio_747.wav,3.0,True,60.0746875,16000,1,961195,WAV,PCM_16,
audio_115.wav,2.0,True,45.06,16000,1,720960,WAV,PCM_16,
audio_235.wav,3.0,True,60.04,16000,1,960640,WAV,PCM_16,
audio_414.wav,3.5,True,60.0746875,16000,1,961195,WAV,PCM_16,
audio_56.wav,2.0,True,45.06,16000,1,720960,WAV,PCM_16,
audio_43.wav,3.5,True,45.12,16000,1,721920,WAV,PCM_16,
audio_394.wav,5.0,True,60.0746875,16000,1,961195,WAV,PCM_16,
audio_423.wav,3.0,True,60.0746875,16000,1,961195,WAV,PCM_16,
audio_579.wav,4.0,True,60.0106875,16000,1,960171,WAV,PCM_16,
audio_172.wav,3.0,True,60.0746875,16000,1,961195,WAV,PCM_16,
audio_144.wav,5.0,True,60.08,16000,1,961280,WAV,PCM_16,
audio_151.wav,2.5,True,59.9466875,16000,1,959147,WAV,PCM_16,
audio_65.wav,1.5,True,60.06,16000,1,960960,WAV,PCM_16,
audio_481.wav,2.0,True,60.6576875,16000,1,970523,WAV,PCM_16,
audio_262.wav,4.0,True,60.08,16000,1,961280,WAV,PCM_16,
audio_229.wav,4.5,True,46.57075,16000,1,745132,WAV,PCM_16,
audio_22.wav,4.0,True,45.06,16000,1,720960,WAV,PCM_16,
audio_434.wav,3.5,True,60.0746875,16000,1,961195,WAV,PCM_16,
audio_488.wav,3.0,True,60.0746875,16000,1,961195,WAV,PCM_16,
audio_439.wav,3.0,True,60.0746875,16000,1,961195,WAV,PCM_16,
audio_160.wav,2.0,True,60.08,16000,1,961280,WAV,PCM_16,
audio_594.wav,3.0,True,60.0746875,16000,1,961195,WAV,PCM_16,
audio_651.wav,5.0,True,61.0346875,16000,1,976555,WAV,PCM_16,
audio_569.wav,3.0,True,60.0746875,16000,1,961195,WAV,PCM_16,
audio_440.wav,2.0,True,60.0746875,16000,1,961195,WAV,PCM_16,
audio_658.wav,5.0,True,60.0746875,16000,1,961195,WAV,PCM_16,
audio_274.wav,3.0,True,39.0613125,16000,1,624981,WAV,PCM_16,
audio_5065.wav,0.0,True,60.0746875,16000,1,961195,WAV,PCM_16,
audio_158.wav,2.5,True,60.08,16000,1,961280,WAV,PCM_16,
audio_493.wav,4.0,True,60.0746875,16000,1,961195,WAV,PCM_16,
audio_646.wav,4.5,True,60.0746875,16000,1,961195,WAV,PCM_16,
audio_64.wav,2.5,True,60.06,16000,1,960960,WAV,PCM_16,
audio_451.wav,2.5,True,59.584,16000,1,953344,WAV,PCM_16,
audio_277.wav,3.5,True,60.0746875,16000,1,961195,WAV,PCM_16,
audio_491.wav,2.5,True,60.0746875,16000,1,961195,WAV,PCM_16,
audio_52.wav,2.0,True,45.06,16000,1,720960,WAV,PCM_16,
audio_743.wav,4.0,True,24.128,16000,1,386048,WAV,PCM_16,
audio_243.wav,3.0,True,60.08,16000,1,961280,WAV,PCM_16,
audio_661.wav,5.0,True,60.0746875,16000,1,961195,WAV,PCM_16,
audio_456.wav,3.0,True,60.0746875,16000,1,961195,WAV,PCM_16,
audio_90.wav,4.0,True,39.3,16000,1,628800,WAV,PCM_16,
audio_735.wav,4.0,True,60.0746875,16000,1,961195,WAV,PCM_16,
audio_775.wav,4.5,True,60.0746875,16000,1,961195,WAV,PCM_16,
audio_587.wav,2.5,True,60.0746875,16000,1,961195,WAV,PCM_16,
audio_103.wav,2.5,True,45.06,16000,1,720960,WAV,PCM_16,
audio_111.wav,3.5,True,44.64,16000,1,714240,WAV,PCM_16,
audio_421.wav,2.0,True,60.0746875,16000,1,961195,WAV,PCM_16,
audio_683.wav,4.0,True,60.0746875,16000,1,961195,WAV,PCM_16,
audio_152.wav,3.0,True,60.0746875,16000,1,961195,WAV,PCM_16,
audio_134.wav,3.0,True,45.0,16000,1,720000,WAV,PCM_16,
audio_12.wav,4.5,True,45.06,16000,1,720960,WAV,PCM_16,
audio_232.wav,3.0,True,60.03,16000,1,960480,WAV,PCM_16,
audio_36.wav,3.0,True,45.06,16000,1,720960,WAV,PCM_16,
audio_268.wav,5.0,True,60.08,16000,1,961280,WAV,PCM_16,
audio_68.wav,2.0,True,59.16,16000,1,946560,WAV,PCM_16,
audio_729.wav,3.0,True,60.0746875,16000,1,961195,WAV,PCM_16,
audio_247.wav,4.5,True,51.56,16000,1,824960,WAV,PCM_16,
audio_224.wav,5.0,True,52.096,16000,1,833536,WAV,PCM_16,
audio_425.wav,3.0,True,60.0746875,16000,1,961195,WAV,PCM_16,
audio_392.wav,5.0,True,60.1386875,16000,1,962219,WAV,PCM_16,
audio_615.wav,4.0,True,60.0746875,16000,1,961195,WAV,PCM_16,
audio_245.wav,3.5,True,60.08,16000,1,961280,WAV,PCM_16,
audio_271.wav,3.5,True,60.08,16000,1,961280,WAV,PCM_16,
audio_321.wav,2.0,True,60.0746875,16000,1,961195,WAV,PCM_16,
audio_5043.wav,0.0,True,60.0746875,16000,1,961195,WAV,PCM_16,
audio_187.wav,5.0,True,60.07475,16000,1,961196,WAV,PCM_16,
audio_221.wav,4.0,True,60.07475,16000,1,961196,WAV,PCM_16,
audio_219.wav,5.0,True,60.07475,16000,1,961196,WAV,PCM_16,
audio_601.wav,2.0,True,60.0746875,16000,1,961195,WAV,PCM_16,
audio_100.wav,2.5,True,45.06,16000,1,720960,WAV,PCM_16,
audio_227.wav,4.5,True,55.27475,16000,1,884396,WAV,PCM_16,
audio_411.wav,2.0,True,60.0746875,16000,1,961195,WAV,PCM_16,
audio_28.wav,3.0,True,44.0946875,16000,1,705515,WAV,PCM_16,
audio_653.wav,2.5,True,60.0746875,16000,1,961195,WAV,PCM_16,
audio_29.wav,3.0,True,45.06,16000,1,720960,WAV,PCM_16,
audio_470.wav,2.5,True,60.0746875,16000,1,961195,WAV,PCM_16,
audio_356.wav,3.5,True,59.1146875,16000,1,945835,WAV,PCM_16,
audio_365.wav,2.0,True,60.0746875,16000,1,961195,WAV,PCM_16,
audio_58.wav,2.5,True,45.06,16000,1,720960,WAV,PCM_16,
audio_708.wav,3.0,True,60.0746875,16000,1,961195,WAV,PCM_16,
audio_319.wav,4.5,True,60.0746875,16000,1,961195,WAV,PCM_16,
audio_5067.wav,0.0,True,44.9266875,16000,1,718827,WAV,PCM_16,
audio_135.wav,4.0,True,45.06,16000,1,720960,WAV,PCM_16,
audio_612.wav,4.0,True,52.7573125,16000,1,844117,WAV,PCM_16,
audio_373.wav,5.0,True,60.0106875,16000,1,960171,WAV,PCM_16,
audio_680.wav,5.0,True,60.0746875,16000,1,961195,WAV,PCM_16,
audio_63.wav,4.0,True,45.012,16000,1,720192,WAV,PCM_16,
audio_700.wav,2.5,True,60.0746875,16000,1,961195,WAV,PCM_16,
audio_429.wav,4.0,True,60.0746875,16000,1,961195,WAV,PCM_16,
audio_745.wav,5.0,True,61.0346875,16000,1,976555,WAV,PCM_16,
audio_731.wav,2.0,True,60.0106875,16000,1,960171,WAV,PCM_16,
audio_461.wav,5.0,True,60.0746875,16000,1,961195,WAV,PCM_16,
audio_79.wav,2.0,True,45.06,16000,1,720960,WAV,PCM_16,
audio_5038.wav,0.0,True,60.0746875,16000,1,961195,WAV,PCM_16,
audio_760.wav,4.0,True,60.0746875,16000,1,961195,WAV,PCM_16,
audio_72.wav,2.0,True,45.06,16000,1,720960,WAV,PCM_16,
audio_696.wav,5.0,True,60.0746875,16000,1,961195,WAV,PCM_16,
audio_744.wav,4.0,True,44.6506875,16000,1,714411,WAV,PCM_16,
audio_662.wav,5.0,True,60.0746875,16000,1,961195,WAV,PCM_16,
audio_570.wav,3.0,True,60.0746875,16000,1,961195,WAV,PCM_16,
audio_10.wav,3.0,True,36.12,16000,1,577920,WAV,PCM_16,
audio_628.wav,2.5,True,60.0746875,16000,1,961195,WAV,PCM_16,
audio_606.wav,3.5,True,60.0746875,16000,1,961195,WAV,PCM_16,
audio_73.wav,4.0,True,45.06,16000,1,720960,WAV,PCM_16,
audio_605.wav,4.0,True,60.0746875,16000,1,961195,WAV,PCM_16,
audio_106.wav,3.5,True,45.06,16000,1,720960,WAV,PCM_16,
audio_306.wav,5.0,True,60.0106875,16000,1,960171,WAV,PCM_16,
audio_75.wav,2.0,True,45.06,16000,1,720960,WAV,PCM_16,
audio_550.wav,3.5,True,60.0746875,16000,1,961195,WAV,PCM_16,
audio_340.wav,5.0,True,60.0746875,16000,1,961195,WAV,PCM_16,
audio_272.wav,3.0,True,46.336,16000,1,741376,WAV,PCM_16,
audio_518.wav,3.5,True,60.0746875,16000,1,961195,WAV,PCM_16,
audio_34.wav,2.0,True,43.74,16000,1,699840,WAV,PCM_16,
audio_87.wav,2.0,True,45.0,16000,1,720000,WAV,PCM_16,
audio_211.wav,5.0,True,61.03475,16000,1,976556,WAV,PCM_16,
audio_431.wav,3.0,True,60.0746875,16000,1,961195,WAV,PCM_16,
audio_555.wav,5.0,True,60.0746875,16000,1,961195,WAV,PCM_16,
audio_648.wav,5.0,True,60.0746875,16000,1,961195,WAV,PCM_16,
audio_5051.wav,0.0,True,60.0746875,16000,1,961195,WAV,PCM_16,
audio_422.wav,2.0,True,60.0746875,16000,1,961195,WAV,PCM_16,
audio_627.wav,2.5,True,60.0746875,16000,1,961195,WAV,PCM_16,
audio_122.wav,5.0,True,45.0,16000,1,720000,WAV,PCM_16,
audio_88.wav,3.5,True,45.06,16000,1,720960,WAV,PCM_16,
audio_165.wav,2.5,True,60.0746875,16000,1,961195,WAV,PCM_16,
audio_276.wav,3.5,True,60.0746875,16000,1,961195,WAV,PCM_16,
audio_746.wav,5.0,True,61.0346875,16000,1,976555,WAV,PCM_16,
audio_252.wav,3.5,True,60.08,16000,1,961280,WAV,PCM_16,
audio_266.wav,4.0,True,60.08,16000,1,961280,WAV,PCM_16,
audio_611.wav,4.5,True,60.0106875,16000,1,960171,WAV,PCM_16,
audio_5058.wav,0.0,True,60.0746875,16000,1,961195,WAV,PCM_16,
audio_81.wav,3.0,True,45.0,16000,1,720000,WAV,PCM_16,
audio_3.wav,3.0,True,44.88,16000,1,718080,WAV,PCM_16,
audio_21.wav,2.0,True,45.06,16000,1,720960,WAV,PCM_16,
audio_190.wav,3.0,True,60.551,16000,1,968816,WAV,PCM_16,
audio_189.wav,5.0,True,60.02,16000,1,960320,WAV,PCM_16,
audio_519.wav,3.0,True,60.0746875,16000,1,961195,WAV,PCM_16,
audio_748.wav,2.5,True,60.0746875,16000,1,961195,WAV,PCM_16,
audio_505.wav,3.0,True,60.0746875,16000,1,961195,WAV,PCM_16,
audio_361.wav,4.0,True,60.0746875,16000,1,961195,WAV,PCM_16,
audio_5052.wav,0.0,True,60.0746875,16000,1,961195,WAV,PCM_16,
audio_16.wav,4.0,True,44.28,16000,1,708480,WAV,PCM_16,
audio_327.wav,5.0,True,60.0746875,16000,1,961195,WAV,PCM_16,
audio_313.wav,3.0,True,60.0746875,16000,1,961195,WAV,PCM_16,
audio_589.wav,2.5,True,60.0746875,16000,1,961195,WAV,PCM_16,
audio_416.wav,3.5,True,60.0746875,16000,1,961195,WAV,PCM_16,
audio_762.wav,5.0,True,60.167,16000,1,962672,WAV,PCM_16,
audio_714.wav,3.0,True,60.0746875,16000,1,961195,WAV,PCM_16,
audio_455.wav,3.0,True,60.0746875,16000,1,961195,WAV,PCM_16,
audio_42.wav,3.0,True,38.46,16000,1,615360,WAV,PCM_16,
audio_561.wav,4.0,True,60.0746875,16000,1,961195,WAV,PCM_16,
audio_226.wav,3.0,True,60.188375,16000,1,963014,WAV,PCM_16,
audio_110.wav,3.5,True,45.06,16000,1,720960,WAV,PCM_16,
audio_739.wav,5.0,True,61.0346875,16000,1,976555,WAV,PCM_16,
audio_504.wav,3.5,True,60.0746875,16000,1,961195,WAV,PCM_16,
audio_379.wav,4.0,True,60.0746875,16000,1,961195,WAV,PCM_16,
audio_520.wav,2.5,True,60.0746875,16000,1,961195,WAV,PCM_16,
audio_5068.wav,0.0,True,60.0746875,16000,1,961195,WAV,PCM_16,
audio_30.wav,2.0,True,44.64,16000,1,714240,WAV,PCM_16,
audio_5041.wav,0.0,True,60.08,16000,1,961280,WAV,PCM_16,
audio_485.wav,3.0,True,60.0746875,16000,1,961195,WAV,PCM_16,
audio_475.wav,2.0,True,61.0346875,16000,1,976555,WAV,PCM_16,
audio_145.wav,4.0,True,60.08,16000,1,961280,WAV,PCM_16,
audio_308.wav,5.0,True,60.0746875,16000,1,961195,WAV,PCM_16,
audio_184.wav,3.0,True,60.07475,16000,1,961196,WAV,PCM_16,
audio_586.wav,2.5,True,60.0746875,16000,1,961195,WAV,PCM_16,
audio_398.wav,3.5,True,60.0746875,16000,1,961195,WAV,PCM_16,
audio_726.wav,5.0,True,58.3893125,16000,1,934229,WAV,PCM_16,
audio_466.wav,3.0,True,60.0746875,16000,1,961195,WAV,PCM_16,
audio_218.wav,5.0,True,60.07475,16000,1,961196,WAV,PCM_16,
audio_644.wav,3.0,True,58.2613125,16000,1,932181,WAV,PCM_16,
audio_351.wav,3.0,True,60.224,16000,1,963584,WAV,PCM_16,
audio_248.wav,5.0,True,36.32,16000,1,581120,WAV,PCM_16,
audio_83.wav,3.0,True,45.06,16000,1,720960,WAV,PCM_16,
audio_71.wav,2.0,True,45.06,16000,1,720960,WAV,PCM_16,
audio_287.wav,5.0,True,60.0746875,16000,1,961195,WAV,PCM_16,
audio_367.wav,2.0,True,60.224,16000,1,963584,WAV,PCM_16,
audio_166.wav,3.0,True,60.0746875,16000,1,961195,WAV,PCM_16,
audio_94.wav,2.0,True,45.06,16000,1,720960,WAV,PCM_16,
audio_108.wav,1.0,True,45.06,16000,1,720960,WAV,PCM_16,
audio_511.wav,4.0,True,60.0746875,16000,1,961195,WAV,PCM_16,
audio_5059.wav,0.0,True,60.0106875,16000,1,960171,WAV,PCM_16,
audio_310.wav,5.0,True,44.224,16000,1,707584,WAV,PCM_16,
audio_50.wav,3.0,True,45.12,16000,1,721920,WAV,PCM_16,
audio_6.wav,3.0,True,45.06,16000,1,720960,WAV,PCM_16,
audio_515.wav,2.5,True,60.0746875,16000,1,961195,WAV,PCM_16,
audio_742.wav,4.5,True,50.048,16000,1,800768,WAV,PCM_16,
audio_545.wav,2.5,True,60.0746875,16000,1,961195,WAV,PCM_16,
audio_489.wav,3.0,True,60.0746875,16000,1,961195,WAV,PCM_16,
audio_697.wav,5.0,True,60.0746875,16000,1,961195,WAV,PCM_16,
audio_225.wav,3.0,True,60.167,16000,1,962672,WAV,PCM_16,
audio_553.wav,2.0,True,60.0746875,16000,1,961195,WAV,PCM_16,
audio_237.wav,3.0,True,53.2,16000,1,851200,WAV,PCM_16,
audio_197.wav,4.5,True,60.07475,16000,1,961196,WAV,PCM_16,
audio_449.wav,4.0,True,60.0746875,16000,1,961195,WAV,PCM_16,
audio_567.wav,3.0,True,60.0746875,16000,1,961195,WAV,PCM_16,
audio_477.wav,2.0,True,60.0746875,16000,1,961195,WAV,PCM_16,
audio_728.wav,3.0,True,45.4826875,16000,1,727723,WAV,PCM_16,
audio_377.wav,4.0,True,59.2213125,16000,1,947541,WAV,PCM_16,
audio_633.wav,5.0,True,60.0746875,16000,1,961195,WAV,PCM_16,
audio_690.wav,4.0,True,45.8453125,16000,1,733525,WAV,PCM_16,
audio_525.wav,4.5,True,60.0746875,16000,1,961195,WAV,PCM_16,
audio_31.wav,3.0,True,43.62,16000,1,697920,WAV,PCM_16,
audio_676.wav,4.0,True,60.0746875,16000,1,961195,WAV,PCM_16,
audio_263.wav,4.0,True,60.02,16000,1,960320,WAV,PCM_16,
audio_5070.wav,0.0,True,60.0746875,16000,1,961195,WAV,PCM_16,
audio_510.wav,3.0,True,60.0746875,16000,1,961195,WAV,PCM_16,
audio_577.wav,4.0,True,60.0746875,16000,1,961195,WAV,PCM_16,
audio_230.wav,4.5,True,55.573375,16000,1,889174,WAV,PCM_16,
audio_314.wav,3.5,True,60.0746875,16000,1,961195,WAV,PCM_16,
audio_641.wav,4.0,True,60.0106875,16000,1,960171,WAV,PCM_16,
audio_689.wav,4.0,True,51.4986875,16000,1,823979,WAV,PCM_16,
audio_352.wav,4.5,True,60.0746875,16000,1,961195,WAV,PCM_16,
audio_193.wav,4.0,True,23.65875,16000,1,378540,WAV,PCM_16,
audio_5049.wav,0.0,True,60.0746875,16000,1,961195,WAV,PCM_16,
audio_300.wav,5.0,True,60.0746875,16000,1,961195,WAV,PCM_16,
audio_581.wav,1.5,True,60.0746875,16000,1,961195,WAV,PCM_16,
audio_164.wav,2.5,True,60.0746875,16000,1,961195,WAV,PCM_16,
audio_502.wav,3.0,True,60.0746875,16000,1,961195,WAV,PCM_16,
audio_380.wav,4.0,True,58.6666875,16000,1,938667,WAV,PCM_16,
audio_15.wav,2.0,True,43.32,16000,1,693120,WAV,PCM_16,
audio_238.wav,4.0,True,27.62,16000,1,441920,WAV,PCM_16,
audio_53.wav,3.0,True,39.42,16000,1,630720,WAV,PCM_16,
audio_283.wav,4.0,True,27.7973125,16000,1,444757,WAV,PCM_16,
audio_614.wav,4.5,True,60.0746875,16000,1,961195,WAV,PCM_16,
audio_121.wav,2.5,True,45.06,16000,1,720960,WAV,PCM_16,
audio_216.wav,4.0,True,60.07475,16000,1,961196,WAV,PCM_16,
audio_552.wav,2.0,True,60.0746875,16000,1,961195,WAV,PCM_16,
audio_514.wav,2.5,True,60.0746875,16000,1,961195,WAV,PCM_16,
audio_593.wav,5.0,True,60.0746875,16000,1,961195,WAV,PCM_16,
audio_565.wav,3.0,True,60.0746875,16000,1,961195,WAV,PCM_16,
audio_140.wav,3.0,True,60.08,16000,1,961280,WAV,PCM_16,
audio_117.wav,2.5,True,45.06,16000,1,720960,WAV,PCM_16,
audio_495.wav,4.0,True,60.0746875,16000,1,961195,WAV,PCM_16,
audio_652.wav,3.0,True,60.0746875,16000,1,961195,WAV,PCM_16,
audio_645.wav,3.0,True,48.96,16000,1,783360,WAV,PCM_16,
audio_242.wav,2.0,True,60.08,16000,1,961280,WAV,PCM_16,
audio_4.wav,2.5,True,45.06,16000,1,720960,WAV,PCM_16,
audio_93.wav,2.0,True,45.06,16000,1,720960,WAV,PCM_16,
audio_582.wav,2.0,True,60.0746875,16000,1,961195,WAV,PCM_16,
audio_222.wav,5.0,True,58.92275,16000,1,942764,WAV,PCM_16,
audio_5042.wav,0.0,True,60.0746875,16000,1,961195,WAV,PCM_16,
audio_253.wav,3.5,True,60.08,16000,1,961280,WAV,PCM_16,
audio_167.wav,3.0,True,60.0746875,16000,1,961195,WAV,PCM_16,
audio_583.wav,3.0,True,60.0746875,16000,1,961195,WAV,PCM_16,
audio_682.wav,5.0,True,60.0746875,16000,1,961195,WAV,PCM_16,
audio_5045.wav,0.0,True,60.0746875,16000,1,961195,WAV,PCM_16,
audio_173.wav,3.0,True,60.0746875,16000,1,961195,WAV,PCM_16,
audio_338.wav,5.0,True,60.0106875,16000,1,960171,WAV,PCM_16,
audio_188.wav,5.0,True,60.07475,16000,1,961196,WAV,PCM_16,
audio_59.wav,3.0,True,45.06,16000,1,720960,WAV,PCM_16,
audio_318.wav,5.0,True,60.0746875,16000,1,961195,WAV,PCM_16,
audio_17.wav,2.0,True,44.1,16000,1,705600,WAV,PCM_16,
audio_551.wav,2.0,True,60.0746875,16000,1,961195,WAV,PCM_16,
audio_275.wav,4.0,True,39.0186875,16000,1,624299,WAV,PCM_16,
audio_368.wav,5.0,True,60.0746875,16000,1,961195,WAV,PCM_16,
audio_730.wav,3.0,True,60.0746875,16000,1,961195,WAV,PCM_16,
audio_5060.wav,0.0,True,60.0746875,16000,1,961195,WAV,PCM_16,
audio_685.wav,3.0,True,60.0746875,16000,1,961195,WAV,PCM_16,
audio_7.wav,3.0,True,45.06,16000,1,720960,WAV,PCM_16,
audio_204.wav,5.0,True,61.03475,16000,1,976556,WAV,PCM_16,
audio_5064.wav,0.0,True,60.0746875,16000,1,961195,WAV,PCM_16,
audio_127.wav,3.5,True,45.06,16000,1,720960,WAV,PCM_16,
audio_412.wav,2.0,True,33.728,16000,1,539648,WAV,PCM_16,
audio_132.wav,2.0,True,45.06,16000,1,720960,WAV,PCM_16,
audio_156.wav,3.5,True,60.08,16000,1,961280,WAV,PCM_16,
audio_426.wav,2.0,True,60.0746875,16000,1,961195,WAV,PCM_16,
audio_709.wav,4.0,True,60.0106875,16000,1,960171,WAV,PCM_16,
audio_291.wav,5.0,True,56.4693125,16000,1,903509,WAV,PCM_16,
audio_523.wav,3.5,True,60.0746875,16000,1,961195,WAV,PCM_16,
audio_632.wav,4.5,True,60.0746875,16000,1,961195,WAV,PCM_16,
audio_684.wav,3.0,True,57.792,16000,1,924672,WAV,PCM_16,
audio_512.wav,2.5,True,60.0746875,16000,1,961195,WAV,PCM_16,
audio_764.wav,5.0,True,60.0106875,16000,1,960171,WAV,PCM_16,
audio_585.wav,3.0,True,60.0746875,16000,1,961195,WAV,PCM_16,
audio_562.wav,2.0,True,61.0346875,16000,1,976555,WAV,PCM_16,
audio_465.wav,3.5,True,60.0746875,16000,1,961195,WAV,PCM_16,
audio_37.wav,3.0,True,45.06,16000,1,720960,WAV,PCM_16,
audio_47.wav,3.0,True,45.12,16000,1,721920,WAV,PCM_16,
audio_233.wav,3.0,True,60.08,16000,1,961280,WAV,PCM_16,
audio_621.wav,5.0,True,60.0746875,16000,1,961195,WAV,PCM_16,
audio_590.wav,3.0,True,60.0746875,16000,1,961195,WAV,PCM_16,
audio_349.wav,3.5,True,60.0746875,16000,1,961195,WAV,PCM_16,
audio_387.wav,5.0,True,60.0106875,16000,1,960171,WAV,PCM_16,
audio_630.wav,3.5,True,60.0746875,16000,1,961195,WAV,PCM_16,
audio_5046.wav,0.0,True,60.0746875,16000,1,961195,WAV,PCM_16,
audio_183.wav,3.0,True,60.07475,16000,1,961196,WAV,PCM_16,
audio_607.wav,4.0,True,60.0746875,16000,1,961195,WAV,PCM_16,
audio_133.wav,3.0,True,45.0,16000,1,720000,WAV,PCM_16,
audio_443.wav,3.0,True,60.0746875,16000,1,961195,WAV,PCM_16,
audio_55.wav,2.0,True,45.06,16000,1,720960,WAV,PCM_16,
audio_686.wav,3.0,True,53.888,16000,1,862208,WAV,PCM_16,
audio_740.wav,4.0,True,60.0746875,16000,1,961195,WAV,PCM_16,
audio_699.wav,2.5,True,60.0746875,16000,1,961195,WAV,PCM_16,
audio_44.wav,4.0,True,45.06,16000,1,720960,WAV,PCM_16,
audio_500.wav,3.5,True,60.0746875,16000,1,961195,WAV,PCM_16,
audio_265.wav,2.5,True,60.08,16000,1,961280,WAV,PCM_16,
audio_125.wav,2.0,True,45.06,16000,1,720960,WAV,PCM_16,
audio_413.wav,4.0,True,45.9093125,16000,1,734549,WAV,PCM_16,
audio_256.wav,4.5,True,60.08,16000,1,961280,WAV,PCM_16,
audio_350.wav,4.5,True,60.0746875,16000,1,961195,WAV,PCM_16,
audio_364.wav,5.0,True,60.0746875,16000,1,961195,WAV,PCM_16,
audio_131.wav,2.5,True,44.88,16000,1,718080,WAV,PCM_16,
audio_168.wav,3.5,True,60.0746875,16000,1,961195,WAV,PCM_16,
audio_557.wav,3.5,True,44.0533125,16000,1,704853,WAV,PCM_16,
audio_670.wav,3.0,True,60.0746875,16000,1,961195,WAV,PCM_16,
audio_342.wav,4.5,True,60.0746875,16000,1,961195,WAV,PCM_16,
audio_2.wav,2.5,True,45.0,16000,1,720000,WAV,PCM_16,
audio_5048.wav,0.0,True,60.0746875,16000,1,961195,WAV,PCM_16,
audio_741.wav,4.0,True,60.0746875,16000,1,961195,WAV,PCM_16,
audio_294.wav,4.0,True,60.0746875,16000,1,961195,WAV,PCM_16,
audio_370.wav,5.0,True,60.0746875,16000,1,961195,WAV,PCM_16,
audio_417.wav,3.5,True,60.0746875,16000,1,961195,WAV,PCM_16,
audio_753.wav,4.0,True,60.0746875,16000,1,961195,WAV,PCM_16,
audio_533.wav,3.0,True,60.0746875,16000,1,961195,WAV,PCM_16,
audio_239.wav,4.5,True,60.08,16000,1,961280,WAV,PCM_16,
audio_566.wav,3.0,True,60.0746875,16000,1,961195,WAV,PCM_16,
audio_736.wav,4.0,True,60.0106875,16000,1,960171,WAV,PCM_16,
audio_541.wav,2.0,True,60.0746875,16000,1,961195,WAV,PCM_16,
audio_531.wav,3.5,True,60.0746875,16000,1,961195,WAV,PCM_16,
audio_280.wav,5.0,True,60.0746875,16000,1,961195,WAV,PCM_16,
audio_33.wav,4.0,True,39.36,16000,1,629760,WAV,PCM_16,
audio_307.wav,5.0,True,60.1386875,16000,1,962219,WAV,PCM_16,
audio_617.wav,4.5,True,60.0746875,16000,1,961195,WAV,PCM_16,
audio_613.wav,5.0,True,60.0746875,16000,1,961195,WAV,PCM_16,
audio_472.wav,2.5,True,23.8933125,16000,1,382293,WAV,PCM_16,
audio_568.wav,3.0,True,60.0746875,16000,1,961195,WAV,PCM_16,
audio_521.wav,4.0,True,60.0746875,16000,1,961195,WAV,PCM_16,
audio_401.wav,5.0,True,60.0746875,16000,1,961195,WAV,PCM_16,
audio_573.wav,2.5,True,60.0746875,16000,1,961195,WAV,PCM_16,
audio_180.wav,3.0,True,60.07475,16000,1,961196,WAV,PCM_16,
audio_320.wav,3.5,True,38.8906875,16000,1,622251,WAV,PCM_16,
audio_85.wav,3.0,True,45.06,16000,1,720960,WAV,PCM_16,
audio_296.wav,2.0,True,60.0746875,16000,1,961195,WAV,PCM_16,
audio_250.wav,3.0,True,20.12,16000,1,321920,WAV,PCM_16,
audio_346.wav,5.0,True,60.0746875,16000,1,961195,WAV,PCM_16,
audio_335.wav,4.0,True,60.0746875,16000,1,961195,WAV,PCM_16,
audio_20.wav,2.0,True,43.02,16000,1,688320,WAV,PCM_16,
audio_5071.wav,0.0,True,60.0746875,16000,1,961195,WAV,PCM_16,
audio_558.wav,4.0,True,60.0746875,16000,1,961195,WAV,PCM_16,
audio_289.wav,2.5,True,60.0746875,16000,1,961195,WAV,PCM_16,
audio_620.wav,5.0,True,61.0346875,16000,1,976555,WAV,PCM_16,
audio_665.wav,3.0,True,60.0746875,16000,1,961195,WAV,PCM_16,
audio_751.wav,4.0,True,60.0746875,16000,1,961195,WAV,PCM_16,
audio_442.wav,2.0,True,60.0746875,16000,1,961195,WAV,PCM_16,
audio_362.wav,5.0,True,60.0746875,16000,1,961195,WAV,PCM_16,
audio_311.wav,3.5,True,60.0746875,16000,1,961195,WAV,PCM_16,
audio_724.wav,5.0,True,60.0106875,16000,1,960171,WAV,PCM_16,
audio_39.wav,3.0,True,45.06,16000,1,720960,WAV,PCM_16,
audio_290.wav,2.0,True,60.07475,16000,1,961196,WAV,PCM_16,
audio_23.wav,2.5,True,45.06,16000,1,720960,WAV,PCM_16,
audio_624.wav,3.0,True,60.0746875,16000,1,961195,WAV,PCM_16,
audio_206.wav,5.0,True,60.07475,16000,1,961196,WAV,PCM_16,
audio_288.wav,4.5,True,60.0746875,16000,1,961195,WAV,PCM_16,
audio_60.wav,3.0,True,45.0,16000,1,720000,WAV,PCM_16,
audio_80.wav,2.0,True,45.06,16000,1,720960,WAV,PCM_16,
audio_214.wav,4.0,True,60.07475,16000,1,961196,WAV,PCM_16,
audio_599.wav,2.0,True,60.0746875,16000,1,961195,WAV,PCM_16,
audio_5063.wav,0.0,True,46.336,16000,1,741376,WAV,PCM_16,
audio_207.wav,4.0,True,60.07475,16000,1,961196,WAV,PCM_16,
audio_438.wav,3.0,True,60.0746875,16000,1,961195,WAV,PCM_16,
audio_332.wav,5.0,True,60.0746875,16000,1,961195,WAV,PCM_16,
audio_159.wav,5.0,True,60.08,16000,1,961280,WAV,PCM_16,
audio_478.wav,2.0,True,60.0746875,16000,1,961195,WAV,PCM_16,
audio_46.wav,3.0,True,45.06,16000,1,720960,WAV,PCM_16,
audio_130.wav,3.0,True,45.06,16000,1,720960,WAV,PCM_16,
audio_437.wav,2.5,True,60.0746875,16000,1,961195,WAV,PCM_16,
audio_771.wav,5.0,True,60.0746875,16000,1,961195,WAV,PCM_16,
audio_759.wav,4.0,True,60.0746875,16000,1,961195,WAV,PCM_16,
audio_25.wav,3.0,True,45.06,16000,1,720960,WAV,PCM_16,
audio_191.wav,3.0,True,60.423,16000,1,966768,WAV,PCM_16,
audio_182.wav,3.0,True,40.448,16000,1,647168,WAV,PCM_16,
audio_236.wav,3.0,True,48.7,16000,1,779200,WAV,PCM_16,
audio_24.wav,3.0,True,45.06,16000,1,720960,WAV,PCM_16,
audio_428.wav,3.0,True,60.0746875,16000,1,961195,WAV,PCM_16,
audio_678.wav,5.0,True,55.2746875,16000,1,884395,WAV,PCM_16,
audio_591.wav,2.0,True,60.0746875,16000,1,961195,WAV,PCM_16,
audio_597.wav,2.0,True,60.0746875,16000,1,961195,WAV,PCM_16,
audio_580.wav,1.5,True,60.0746875,16000,1,961195,WAV,PCM_16,
audio_19.wav,3.0,True,45.06,16000,1,720960,WAV,PCM_16,
audio_476.wav,2.0,True,60.0746875,16000,1,961195,WAV,PCM_16,
audio_375.wav,3.5,True,60.0746875,16000,1,961195,WAV,PCM_16,
audio_642.wav,3.0,True,60.0746875,16000,1,961195,WAV,PCM_16,
audio_66.wav,2.0,True,59.96,16000,1,959360,WAV,PCM_16,
audio_186.wav,5.0,True,60.07475,16000,1,961196,WAV,PCM_16,
audio_713.wav,4.0,True,60.0746875,16000,1,961195,WAV,PCM_16,
audio_354.wav,3.5,True,60.0746875,16000,1,961195,WAV,PCM_16,
audio_768.wav,5.0,True,60.0746875,16000,1,961195,WAV,PCM_16,
audio_14.wav,3.5,True,45.06,16000,1,720960,WAV,PCM_16,
audio_208.wav,4.0,True,60.07475,16000,1,961196,WAV,PCM_16,
audio_418.wav,2.5,True,60.615,16000,1,969840,WAV,PCM_16,
audio_212.wav,5.0,True,60.07475,16000,1,961196,WAV,PCM_16,
audio_177.wav,2.0,True,60.08,16000,1,961280,WAV,PCM_16,
audio_503.wav,2.5,True,60.0746875,16000,1,961195,WAV,PCM_16,
audio_564.wav,2.0,True,60.0746875,16000,1,961195,WAV,PCM_16,
audio_257.wav,4.5,True,60.08,16000,1,961280,WAV,PCM_16,
audio_408.wav,4.0,True,34.0906875,16000,1,545451,WAV,PCM_16,
audio_468.wav,2.5,True,60.0746875,16000,1,961195,WAV,PCM_16,
audio_574.wav,2.5,True,60.0746875,16000,1,961195,WAV,PCM_16,
audio_26.wav,4.0,True,45.06,16000,1,720960,WAV,PCM_16,
audio_480.wav,3.0,True,60.7003125,16000,1,971205,WAV,PCM_16,
audio_706.wav,3.0,True,60.0746875,16000,1,961195,WAV,PCM_16,
audio_57.wav,2.5,True,45.06,16000,1,720960,WAV,PCM_16,
audio_209.wav,5.0,True,60.01075,16000,1,960172,WAV,PCM_16,
audio_712.wav,4.0,True,60.0746875,16000,1,961195,WAV,PCM_16,
audio_353.wav,3.0,True,56.0,16000,1,896000,WAV,PCM_16,
audio_575.wav,2.0,True,60.0746875,16000,1,961195,WAV,PCM_16,
audio_383.wav,3.5,True,60.0746875,16000,1,961195,WAV,PCM_16,
audio_781.wav,5.0,True,60.615,16000,1,969840,WAV,PCM_16,
audio_118.wav,4.5,True,45.06,16000,1,720960,WAV,PCM_16,
audio_337.wav,5.0,True,60.0746875,16000,1,961195,WAV,PCM_16,
audio_715.wav,3.0,True,60.0746875,16000,1,961195,WAV,PCM_16,
audio_323.wav,3.5,True,60.0746875,16000,1,961195,WAV,PCM_16,
audio_374.wav,4.0,True,60.0746875,16000,1,961195,WAV,PCM_16,
audio_348.wav,3.5,True,57.6,16000,1,921600,WAV,PCM_16,
audio_547.wav,3.0,True,60.0746875,16000,1,961195,WAV,PCM_16,
audio_41.wav,4.0,True,43.8,16000,1,700800,WAV,PCM_16,
audio_284.wav,4.5,True,60.0746875,16000,1,961195,WAV,PCM_16,
audio_13.wav,3.0,True,45.0220625,16000,1,720353,WAV,PCM_16,
audio_548.wav,3.5,True,60.0746875,16000,1,961195,WAV,PCM_16,
audio_687.wav,4.5,True,61.0346875,16000,1,976555,WAV,PCM_16,
audio_104.wav,2.5,True,45.06,16000,1,720960,WAV,PCM_16,
audio_181.wav,3.0,True,60.07475,16000,1,961196,WAV,PCM_16,
audio_755.wav,4.0,True,50.24,16000,1,803840,WAV,PCM_16,
audio_733.wav,5.0,True,60.0106875,16000,1,960171,WAV,PCM_16,
audio_5072.wav,0.0,True,60.0746875,16000,1,961195,WAV,PCM_16,
audio_776.wav,4.5,True,60.0746875,16000,1,961195,WAV,PCM_16,
audio_70.wav,2.0,True,60.8,16000,1,972800,WAV,PCM_16,
audio_49.wav,3.0,True,45.66,16000,1,730560,WAV,PCM_16,
audio_527.wav,5.0,True,60.0746875,16000,1,961195,WAV,PCM_16,
audio_273.wav,3.5,True,60.0746875,16000,1,961195,WAV,PCM_16,
audio_139.wav,4.0,True,60.08,16000,1,961280,WAV,PCM_16,
audio_467.wav,3.0,True,60.0746875,16000,1,961195,WAV,PCM_16,
audio_407.wav,4.5,True,60.0746875,16000,1,961195,WAV,PCM_16,
audio_404.wav,4.5,True,60.0746875,16000,1,961195,WAV,PCM_16,
audio_534.wav,3.0,True,60.0746875,16000,1,961195,WAV,PCM_16,
audio_96.wav,3.0,True,45.06,16000,1,720960,WAV,PCM_16,
audio_137.wav,2.5,True,45.06,16000,1,720960,WAV,PCM_16,
audio_150.wav,2.5,True,58.624,16000,1,937984,WAV,PCM_16,
audio_339.wav,5.0,True,60.0746875,16000,1,961195,WAV,PCM_16,
audio_409.wav,5.0,True,59.712,16000,1,955392,WAV,PCM_16,
audio_78.wav,2.0,True,45.06,16000,1,720960,WAV,PCM_16,
audio_244.wav,3.5,True,60.08,16000,1,961280,WAV,PCM_16,
audio_752.wav,4.0,True,42.9653125,16000,1,687445,WAV,PCM_16,
audio_508.wav,3.0,True,60.0746875,16000,1,961195,WAV,PCM_16,
audio_664.wav,2.5,True,60.0746875,16000,1,961195,WAV,PCM_16,
audio_701.wav,2.5,True,60.0746875,16000,1,961195,WAV,PCM_16,
audio_5044.wav,0.0,True,24.128,16000,1,386048,WAV,PCM_16,
audio_734.wav,4.5,True,60.0746875,16000,1,961195,WAV,PCM_16,
audio_51.wav,3.0,True,44.9266875,16000,1,718827,WAV,PCM_16,
audio_704.wav,2.0,True,60.0746875,16000,1,961195,WAV,PCM_16,
audio_129.wav,3.5,True,45.06,16000,1,720960,WAV,PCM_16,
audio_107.wav,4.0,True,45.06,16000,1,720960,WAV,PCM_16,
audio_143.wav,5.0,True,54.44,16000,1,871040,WAV,PCM_16,
audio_458.wav,3.0,True,57.4293125,16000,1,918869,WAV,PCM_16,
audio_424.wav,3.0,True,60.0746875,16000,1,961195,WAV,PCM_16,
audio_563.wav,2.0,True,60.0106875,16000,1,960171,WAV,PCM_16,
audio_625.wav,2.5,True,60.0746875,16000,1,961195,WAV,PCM_16,
audio_302.wav,5.0,True,60.0746875,16000,1,961195,WAV,PCM_16,
audio_154.wav,3.0,True,60.0746875,16000,1,961195,WAV,PCM_16,
audio_754.wav,4.0,True,46.208,16000,1,739328,WAV,PCM_16,
audio_749.wav,3.0,True,60.0746875,16000,1,961195,WAV,PCM_16,
audio_366.wav,5.0,True,60.0746875,16000,1,961195,WAV,PCM_16,
audio_693.wav,3.0,True,24.9173125,16000,1,398677,WAV,PCM_16,
audio_608.wav,5.0,True,45.7813125,16000,1,732501,WAV,PCM_16,
audio_220.wav,4.0,True,60.07475,16000,1,961196,WAV,PCM_16,
audio_761.wav,4.0,True,60.0746875,16000,1,961195,WAV,PCM_16,
audio_640.wav,3.0,True,60.0746875,16000,1,961195,WAV,PCM_16,
audio_67.wav,4.0,True,60.06,16000,1,960960,WAV,PCM_16,
audio_299.wav,4.0,True,60.0746875,16000,1,961195,WAV,PCM_16,
audio_102.wav,2.0,True,45.06,16000,1,720960,WAV,PCM_16,
audio_258.wav,3.5,True,60.08,16000,1,961280,WAV,PCM_16,
audio_679.wav,4.5,True,60.0746875,16000,1,961195,WAV,PCM_16,
audio_82.wav,4.0,True,45.06,16000,1,720960,WAV,PCM_16,
audio_325.wav,5.0,True,57.9626875,16000,1,927403,WAV,PCM_16,
audio_399.wav,3.0,True,60.0746875,16000,1,961195,WAV,PCM_16,
audio_285.wav,4.0,True,22.144,16000,1,354304,WAV,PCM_16,
audio_784.wav,4.5,True,60.615,16000,1,969840,WAV,PCM_16,
audio_0.wav,3.0,True,45.06,16000,1,720960,WAV,PCM_16,
audio_435.wav,3.5,True,61.0346875,16000,1,976555,WAV,PCM_16,
audio_91.wav,5.0,True,45.06,16000,1,720960,WAV,PCM_16,
audio_109.wav,2.0,True,45.06,16000,1,720960,WAV,PCM_16,
audio_772.wav,3.0,True,60.0746875,16000,1,961195,WAV,PCM_16,
audio_270.wav,3.5,True,60.08,16000,1,961280,WAV,PCM_16,
audio_528.wav,2.5,True,60.0746875,16000,1,961195,WAV,PCM_16,
audio_441.wav,2.0,True,60.0746875,16000,1,961195,WAV,PCM_16,
audio_381.wav,5.0,True,60.1386875,16000,1,962219,WAV,PCM_16,
audio_86.wav,2.0,True,45.06,16000,1,720960,WAV,PCM_16,
audio_101.wav,4.0,True,45.06,16000,1,720960,WAV,PCM_16,
audio_333.wav,4.5,True,60.0746875,16000,1,961195,WAV,PCM_16,
audio_149.wav,2.5,True,59.52,16000,1,952320,WAV,PCM_16,
audio_719.wav,3.0,True,60.0106875,16000,1,960171,WAV,PCM_16,
audio_638.wav,3.0,True,60.0746875,16000,1,961195,WAV,PCM_16,
audio_147.wav,3.0,True,60.08,16000,1,961280,WAV,PCM_16,
audio_62.wav,4.0,True,43.98,16000,1,703680,WAV,PCM_16,
audio_763.wav,5.0,True,60.167,16000,1,962672,WAV,PCM_16,
audio_498.wav,2.0,True,60.0746875,16000,1,961195,WAV,PCM_16,
audio_1.wav,3.5,True,45.06,16000,1,720960,WAV,PCM_16,
audio_304.wav,5.0,True,60.0746875,16000,1,961195,WAV,PCM_16,
audio_347.wav,5.0,True,60.0746875,16000,1,961195,WAV,PCM_16,
audio_560.wav,4.0,True,60.0746875,16000,1,961195,WAV,PCM_16,
audio_452.wav,3.5,True,61.0346875,16000,1,976555,WAV,PCM_16,
audio_716.wav,4.5,True,60.0746875,16000,1,961195,WAV,PCM_16,
audio_473.wav,2.0,True,61.0346875,16000,1,976555,WAV,PCM_16,
audio_95.wav,4.0,True,45.06,16000,1,720960,WAV,PCM_16,
audio_732.wav,4.0,True,60.0746875,16000,1,961195,WAV,PCM_16,
audio_292.wav,5.0,True,60.0106875,16000,1,960171,WAV,PCM_16,
audio_469.wav,2.5,True,60.0746875,16000,1,961195,WAV,PCM_16,
audio_329.wav,2.0,True,60.0746875,16000,1,961195,WAV,PCM_16,
audio_169.wav,2.0,True,60.08,16000,1,961280,WAV,PCM_16,
audio_174.wav,2.5,True,60.0746875,16000,1,961195,WAV,PCM_16,
audio_513.wav,2.5,True,60.0746875,16000,1,961195,WAV,PCM_16,
audio_584.wav,3.0,True,60.0746875,16000,1,961195,WAV,PCM_16,
audio_345.wav,5.0,True,60.0746875,16000,1,961195,WAV,PCM_16,
audio_750.wav,4.0,True,60.0746875,16000,1,961195,WAV,PCM_16,
audio_116.wav,3.0,True,45.06,16000,1,720960,WAV,PCM_16,
audio_114.wav,2.5,True,45.0,16000,1,720000,WAV,PCM_16,
audio_157.wav,3.0,True,61.04,16000,1,976640,WAV,PCM_16,
audio_385.wav,4.5,True,60.0746875,16000,1,961195,WAV,PCM_16,
audio_264.wav,2.5,True,60.08,16000,1,961280,WAV,PCM_16,
audio_390.wav,5.0,True,60.0746875,16000,1,961195,WAV,PCM_16,
audio_766.wav,4.5,True,60.0746875,16000,1,961195,WAV,PCM_16,
audio_571.wav,2.0,True,49.4506875,16000,1,791211,WAV,PCM_16,
audio_393.wav,4.5,True,60.0106875,16000,1,960171,WAV,PCM_16,
audio_691.wav,4.0,True,39.2533125,16000,1,628053,WAV,PCM_16,
